
CREATE DATABASE IF NOT EXISTS `underground_api` /*!40100 DEFAULT CHARACTER SET latin1 */;
USE `underground_api`;

DELIMITER //
CREATE DEFINER=`root`@`localhost` PROCEDURE `ActionHandler`(
	IN `passenger_id` BIGINT,
	IN `amount` DOUBLE,
	IN `action` VARCHAR(50),
	OUT `error` VARCHAR(250),
	OUT `status` INT,
	INOUT `inbalance` DOUBLE
)
BEGIN

	DECLARE EXIT HANDLER FOR SQLEXCEPTION, SQLSTATE '42S22'
	BEGIN
        GET DIAGNOSTICS CONDITION 1 @sqlstate = RETURNED_SQLSTATE, @errno = MYSQL_ERRNO, @error_text = MESSAGE_TEXT;
        SET @full_error = CONCAT("ERROR ", @errno, " (", @sqlstate, "): ", @error_text);
        SET error = @full_error;
        -- ROLLBACK;
	END;

ActionHandler:BEGIN

    DECLARE `var_passenger_id` BIGINT;
    DECLARE `var_balance` DECIMAL(20,2);
    DECLARE `var_balance_change` DECIMAL(20,2) DEFAULT 0;

    -- Transaction handled in the code
    -- SET TRANSACTION ISOLATION LEVEL REPEATABLE READ;
    -- START TRANSACTION;

        SELECT
            `id`, `balance`
        INTO
            `var_passenger_id`, `var_balance`
        FROM
            `underground_api`.`passenger`
        WHERE
            id = `passenger_id`
        LIMIT 1
        FOR UPDATE;

        IF `var_passenger_id` IS NULL THEN
            SET `status` = 2;
            SIGNAL SQLSTATE '45000' SET MESSAGE_TEXT = 'Passenger not found';
        END IF;


        IF `amount` > (`var_balance`) AND `action` != 'refund' THEN
            SET `status` = 3;
            SIGNAL SQLSTATE '45000' SET MESSAGE_TEXT = 'Insufficient funds';
        END IF;


        IF `action` = 'refund' THEN
            SET `var_balance_change` = ABS(`amount`);
        ELSE
            SET `var_balance_change` = -1 * ABS(`amount`);
        END IF;

        SET `inbalance` = `var_balance` + `var_balance_change`;

        UPDATE
            `underground_api`.`passenger`
        SET
            `balance` = `inbalance`
        WHERE
            `id` = `var_passenger_id`;

        SET error = '';
        SET status = 0;

    -- COMMIT;

END;
END//
DELIMITER ;

CREATE TABLE IF NOT EXISTS `api_logs` (
  `id` bigint(20) NOT NULL,
  `date` datetime DEFAULT NULL,
  `error` text,
  `request` text,
  `req_actionIdentifier` varchar(255) DEFAULT NULL,
  `req_closed` bit(1) DEFAULT NULL,
  `req_journeyidentifer` varchar(255) DEFAULT NULL,
  `req_journeylegIdentifer` varchar(255) DEFAULT NULL,
  `req_licenceId` int(11) DEFAULT NULL,
  `req_passengerId` bigint(20) DEFAULT NULL,
  `req_type` int(11) DEFAULT NULL,
  `response` text,
  `version` bigint(20) DEFAULT NULL,
  PRIMARY KEY (`id`)
) ENGINE=MyISAM DEFAULT CHARSET=latin1;


CREATE TABLE IF NOT EXISTS `city` (
  `id` bigint(20) NOT NULL,
  `cityCode` varchar(255) DEFAULT NULL,
  `name` varchar(255) DEFAULT NULL,
  `country_id` bigint(20) NOT NULL,
  PRIMARY KEY (`id`),
  UNIQUE KEY `UK_54ei5u83kbrack1km39bnopj5` (`cityCode`),
  KEY `FKrpd7j1p7yxr784adkx4pyepba` (`country_id`)
) ENGINE=MyISAM DEFAULT CHARSET=latin1;


INSERT IGNORE INTO `city` (`id`, `cityCode`, `name`, `country_id`) VALUES
	(66, 'CI17', 'City 17', 46),
	(67, 'CI7', 'City 7', 10),
	(68, 'CI16', 'City 16', 33),
	(69, 'CI0', 'City 0', 20),
	(70, 'CI8', 'City 8', 25),
	(71, 'CI11', 'City 11', 22),
	(72, 'CI19', 'City 19', 3),
	(73, 'CI1', 'City 1', 41),
	(74, 'CI9', 'City 9', 59),
	(75, 'CI10', 'City 10', 57),
	(76, 'CI18', 'City 18', 52),
	(77, 'CI2', 'City 2', 44),
	(78, 'CI13', 'City 13', 37),
	(79, 'CI3', 'City 3', 48),
	(80, 'CI12', 'City 12', 14),
	(81, 'CI4', 'City 4', 50),
	(82, 'CI15', 'City 15', 18),
	(83, 'CI5', 'City 5', 54),
	(84, 'CI14', 'City 14', 39),
	(85, 'CI6', 'City 6', 29);

CREATE TABLE IF NOT EXISTS `country` (
  `id` bigint(20) NOT NULL,
  `isoCode` varchar(255) DEFAULT NULL,
  `name` varchar(255) DEFAULT NULL,
  PRIMARY KEY (`id`),
  UNIQUE KEY `UK_mxa8q2pfj6m3bf3mecav61nq7` (`isoCode`)
) ENGINE=MyISAM DEFAULT CHARSET=latin1;


INSERT IGNORE INTO `country` (`id`, `isoCode`, `name`) VALUES
	(3, 'CTR0', 'Country 0'),
	(10, 'CTR8', 'Country 8'),
	(14, 'CTR15', 'Country 15'),
	(18, 'CTR1', 'Country 1'),
	(20, 'CTR9', 'Country 9'),
	(22, 'CTR16', 'Country 16'),
	(25, 'CTR6', 'Country 6'),
	(29, 'CTR13', 'Country 13'),
	(33, 'CTR7', 'Country 7'),
	(37, 'CTR14', 'Country 14'),
	(39, 'CTR4', 'Country 4'),
	(41, 'CTR11', 'Country 11'),
	(44, 'CTR19', 'Country 19'),
	(46, 'CTR5', 'Country 5'),
	(48, 'CTR12', 'Country 12'),
	(50, 'CTR2', 'Country 2'),
	(52, 'CTR17', 'Country 17'),
	(54, 'CTR3', 'Country 3'),
	(57, 'CTR10', 'Country 10'),
	(59, 'CTR18', 'Country 18');

CREATE TABLE IF NOT EXISTS `flyway_schema_history` (
  `installed_rank` int(11) NOT NULL,
  `version` varchar(50) DEFAULT NULL,
  `description` varchar(200) NOT NULL,
  `type` varchar(20) NOT NULL,
  `script` varchar(1000) NOT NULL,
  `checksum` int(11) DEFAULT NULL,
  `installed_by` varchar(100) NOT NULL,
  `installed_on` timestamp NOT NULL DEFAULT CURRENT_TIMESTAMP,
  `execution_time` int(11) NOT NULL,
  `success` tinyint(1) NOT NULL,
  PRIMARY KEY (`installed_rank`),
  KEY `flyway_schema_history_s_idx` (`success`)
) ENGINE=InnoDB DEFAULT CHARSET=latin1;


INSERT IGNORE INTO `flyway_schema_history` (`installed_rank`, `version`, `description`, `type`, `script`, `checksum`, `installed_by`, `installed_on`, `execution_time`, `success`) VALUES
	(1, '1.0', 'init', 'SQL', 'V1.0__init.sql', 0, 'root', '2019-11-20 21:44:33', 2, 1);

CREATE TABLE IF NOT EXISTS `general_logs` (
  `id` bigint(20) NOT NULL,
  `date` datetime DEFAULT NULL,
  `request` varchar(1000) DEFAULT NULL,
  `response` varchar(1000) DEFAULT NULL,
  PRIMARY KEY (`id`)
) ENGINE=MyISAM DEFAULT CHARSET=latin1;


CREATE TABLE IF NOT EXISTS `hibernate_sequence` (
  `next_val` bigint(20) DEFAULT NULL
) ENGINE=MyISAM DEFAULT CHARSET=latin1;

INSERT IGNORE INTO `hibernate_sequence` (`next_val`) VALUES
	(306),
	(306),
	(306),
	(306),
	(306),
	(306),
	(306),
	(306),
	(306),
	(306),
	(306),
	(306);

CREATE TABLE IF NOT EXISTS `journey` (
  `id` bigint(20) NOT NULL,
  `dateStart` datetime DEFAULT NULL,
  `finished` bit(1) DEFAULT NULL,
  `identifer` varchar(255) DEFAULT NULL,
  `lastAction` datetime DEFAULT NULL,
  `operator_id` bigint(20) NOT NULL,
  `passenger_id` bigint(20) NOT NULL,
  PRIMARY KEY (`id`),
  UNIQUE KEY `UK_otqxf38utvdh1cngpkywbucv6` (`identifer`),
  KEY `FKh4e4xyrfx6x8i739lf5a8s53i` (`operator_id`),
  KEY `FKq18vjmou3ytulqdvfad2wvyl7` (`passenger_id`)
) ENGINE=MyISAM DEFAULT CHARSET=latin1;


INSERT IGNORE INTO `journey` (`id`, `dateStart`, `finished`, `identifer`, `lastAction`, `operator_id`, `passenger_id`) VALUES
	(156, '2019-11-20 21:46:33', b'0', 'Kbgwwv4FV7yL6wUX3OjF14P5pc0et4IrIDOEklmiwe12FE4xROhKymVujto3', '2019-11-20 21:46:33', 90, 106),
	(157, '2019-11-20 21:46:33', b'0', 'bpXR5TDlR6HE4NH2Onyfrr8REEUrXNr7fKRXTVWX6N7KsOBMwFHoxk7ueyRR', '2019-11-20 21:46:33', 105, 147),
	(158, '2019-11-20 21:46:33', b'0', '04uy6SjLRnrs22EpdSd4F2Xn16w2rIjbMKNO4TqPco86V7ePWRmXesqijG75', '2019-11-20 21:46:33', 105, 126),
	(159, '2019-11-20 21:46:33', b'0', 'yc3BBUVbQLiF88f5PyprkeHcmtEkYKGtsyBsvTNIqE32cr1WH5boILyKnLoN', '2019-11-20 21:46:33', 109, 155),
	(160, '2019-11-20 21:46:33', b'0', 'QJcerJsvssvYniqJDtoD1mHk8qF3ScJ6pIJIXmfhw1VQGLVbneisYjt0XB7w', '2019-11-20 21:46:33', 103, 120),
	(161, '2019-11-20 21:46:33', b'0', 'NdGheIBt4f8mxxIPnO5gky0MemcxnPsHeTENOyX2YPUYgh0LBD5mlCwhBlJj', '2019-11-20 21:46:33', 86, 98),
	(162, '2019-11-20 21:46:33', b'0', 'G6G47qjlV4EdEiVN38h3bl2IRuQiUGsw2eHELh86ooTQfEEWKj2mYEuCYdbD', '2019-11-20 21:46:33', 87, 146),
	(163, '2019-11-20 21:46:33', b'0', 'F8EyH2s022kYBhOjOcYYqG5PyTBnp26KD5HFCvhUMvd5nyvQBUTxkfO1vxO0', '2019-11-20 21:46:33', 87, 100),
	(164, '2019-11-20 21:46:33', b'0', 'nOvcJpJiCu0R62kQvUec3FLGRbGSpkEII52GTG5sugO1Oi2fU1XbFIo1i57H', '2019-11-20 21:46:33', 110, 124),
	(165, '2019-11-20 21:46:33', b'0', '7OTgOHHlnBX5tog20G1jVS85BJdrGNK6YyTV0RdhWHkcYiLksuC2LEH75ihD', '2019-11-20 21:46:33', 110, 140),
	(166, '2019-11-20 21:46:33', b'0', 'm8wFJeDdGQVyWhcK4jDTT0KBBbgQFbu8YxjbfHHglEWv1DX7JN3hyyQdkr3i', '2019-11-20 21:46:33', 105, 121),
	(167, '2019-11-20 21:46:33', b'0', 'x20swMpTcW4kTNMLghkqgLleGorDLw4NItNCLyIRU8DXIkYOSEFWJ1YCs5PG', '2019-11-20 21:46:33', 94, 114),
	(168, '2019-11-20 21:46:33', b'0', '01owV3dNof7BOoQOjYb5ciwppWoNDh762kG58IesOCYmGTcE1KSGDekCSHBv', '2019-11-20 21:46:33', 107, 122),
	(169, '2019-11-20 21:46:33', b'0', 'b33lvMHe3kNfn3p78iWiDFSEG6v3JX75xwRc37k6FL1oWJcT6jYMfPpsk3oO', '2019-11-20 21:46:33', 95, 127),
	(170, '2019-11-20 21:46:33', b'0', 'yF5t3LEWT7tF6CNuo2xm88LFxGGn7gvKwqrjHqHU7KQy8KO2jbKjwXjy83dC', '2019-11-20 21:46:33', 94, 145),
	(171, '2019-11-20 21:46:33', b'0', 'weeNtRPxpX2FedV2hhUGfYh1XrLJKgLxx5CE1RbQ0dtNJSbslO76u3YuoC4c', '2019-11-20 21:46:33', 99, 118),
	(172, '2019-11-20 21:46:33', b'0', 'bSCrbux4DV8bLvmDk4LSKVdldvTtsFyMH1PQFvUvKnbWxv1UHwPMSeGNotbP', '2019-11-20 21:46:33', 99, 137),
	(173, '2019-11-20 21:46:33', b'0', 'WCgD0Uc34nFcnXxCoXjiPOF0MYrCWGJyW1eSvxO7Rd8Yqs08RUdFHK5oem4X', '2019-11-20 21:46:33', 90, 133),
	(174, '2019-11-20 21:46:33', b'0', 'vmX8WeBpg2DREkUniVW4Vw8j6BKpskFG2VR0EUXgON6r2o4VyBjlqrfRcYcV', '2019-11-20 21:46:33', 97, 117),
	(175, '2019-11-20 21:46:33', b'0', '6NeBMRcxvGro60Fmr1bYpVL6xHqLlvCwMUYs3XSCh86m2OxDfi8YW15N0Sd5', '2019-11-20 21:46:33', 92, 112),
	(176, '2019-11-20 21:46:33', b'0', '8pomEDLyIoBhTcxcryOmBxwulUof4OUGyG3miLfIBkK0MXxlUDg1XnUUXLch', '2019-11-20 21:46:33', 101, 119),
	(177, '2019-11-20 21:46:33', b'0', 'o6jKRXnj2UFrooBuW2kW1uRR2rFjyeEPHqiT4kw1CNkYrUFIbX6EJJyqntjx', '2019-11-20 21:46:33', 96, 116),
	(178, '2019-11-20 21:46:33', b'0', 'DD7wPdbFN6lSeybRdS1oEVfdSt33pV7CQru857UTPLeb73yQBDklDqLRtivg', '2019-11-20 21:46:33', 109, 134),
	(179, '2019-11-20 21:46:33', b'0', 'TQxXx3SHqkfkisEqQt8iws6jfc6HS6hWvn8SE85OIlhSQ1lEcettQMmqNUTI', '2019-11-20 21:46:33', 88, 102),
	(180, '2019-11-20 21:46:33', b'0', 'gdI1lXtr1GR6D7bXhojKdXhPuimSXqgV0iSYIspyrhfyonMrGIpHSNPc2gR4', '2019-11-20 21:46:33', 105, 132),
	(181, '2019-11-20 21:46:33', b'0', 'Hj6BfqqTGUm6HNRQGPxEu7gjtCCLFhDIWjobByVH6yMdyBMgnvVCSfUDgQXV', '2019-11-20 21:46:33', 109, 123),
	(182, '2019-11-20 21:46:33', b'0', 'WOCsiYOVjNIcnNdE1BQ1S2ow867beexFYKiHUGx0ERUnvlygBUWy7jdbRXqW', '2019-11-20 21:46:33', 94, 152),
	(183, '2019-11-20 21:46:33', b'0', '3DR0GNg74ULdKIxMnE5UiQHpUMedYhITxbucFBd3Eypp6ojKxHk3Cc7byBYU', '2019-11-20 21:46:33', 91, 108),
	(184, '2019-11-20 21:46:33', b'0', '4QXdQumXEvwBvVlHcFFxlKfXCopjXDoEOEG8Oc2xReHS6MhlKd1DL6Vhf6lf', '2019-11-20 21:46:33', 110, 135),
	(185, '2019-11-20 21:46:33', b'0', '7LxWlxE15XRuugs883gJ2xpi7r6mK4l2xJH2tBCBP20fC6Cwfe6bQquctcSk', '2019-11-20 21:46:33', 111, 154),
	(186, '2019-11-20 21:46:33', b'0', 'g1ePdXN3mC6WSI5Cw1YQFO8crmXGWOtKl7W4KFE4QyCxUd8C2bFjjDeDDMdw', '2019-11-20 21:46:33', 86, 143),
	(187, '2019-11-20 21:46:33', b'0', 'Q3s0TwowHSERLfhy5BRgiOIDWWeFToFIekgKhUD3scSJDKXXODLwsihOCVT7', '2019-11-20 21:46:33', 95, 115),
	(188, '2019-11-20 21:46:33', b'0', 'T43047Lr5do0fjJ7UfCofM63G3X0skNPu58fJyVsIMmfq1EGrgtusuV2LGIy', '2019-11-20 21:46:33', 105, 141),
	(189, '2019-11-20 21:46:33', b'0', 'j0RrRS8cG3B30M1bnmPj7WNyTrvtch8l6yycJPC0XdWi0IoXy5vFSoIT2NRg', '2019-11-20 21:46:33', 95, 144),
	(190, '2019-11-20 21:46:33', b'0', 'bNQO56n0bLQLRXQ0tYGcHg5Q3WJCw8obpspkSqF1GGOhr22qsJRJijnP8N48', '2019-11-20 21:46:33', 89, 104),
	(191, '2019-11-20 21:46:33', b'0', 'mjhyWGEcp55xj5J553O7klRDYmot8vU1HiVKNSE5phnFQWNoU3giSroUSuJi', '2019-11-20 21:46:33', 90, 138),
	(192, '2019-11-20 21:46:33', b'0', '6pK0EsdcfE2mq2W0BWdIvQjoeDJqU5cD1SGdvYS0LvOYCnkMGQiQNbVmhmIm', '2019-11-20 21:46:33', 93, 113),
	(193, '2019-11-20 21:46:33', b'0', 'XK77WdbtubIsUSl5mUDuOQKesMeOQ5fdnc4TkKNr7j4cf8cNFyqoIXWoSbmg', '2019-11-20 21:46:33', 91, 129),
	(194, '2019-11-20 21:46:33', b'0', 'besXUsFKsbqEY3tmFkc5sVM18CBpLRNc5TvdeP4XeBFdi8VC75oOxxmSF73o', '2019-11-20 21:46:33', 91, 128),
	(195, '2019-11-20 21:46:33', b'0', 'hRYMJG04XmXhKpYGWnBQt14PkltRIoD4KnBuN0mPHvjR7PPvpuIqNPsdnRki', '2019-11-20 21:46:33', 96, 139),
	(196, '2019-11-20 21:46:33', b'0', 'gKxUh2QwmxkLkWbU6GMdYmOoKLfvTLCOgru4n08RlgOrR2xYIpHttPPVPRHu', '2019-11-20 21:46:33', 86, 153),
	(197, '2019-11-20 21:46:33', b'0', 'wl4FXqBWOo6q8NVdBUWYMnIwMccfQpEEoWTqkwWbnQCBiEmsEqFJWYm0tFHg', '2019-11-20 21:46:33', 90, 150),
	(198, '2019-11-20 21:46:33', b'0', 'dEqOOMQq3ETvgxpg4tG76KXDlO7gdS61lJxJSlml0DrqgHeIBGT5vV6EETvq', '2019-11-20 21:46:33', 103, 131),
	(199, '2019-11-20 21:46:33', b'0', 'IkqiKRljdJYS17E01lwHRYKhBCJRubK8V04pGy0cvoF4QQ3MT0c3pmOlc65c', '2019-11-20 21:46:33', 86, 142),
	(200, '2019-11-20 21:46:33', b'0', 'YKwD547jeNIxHjkVd68wNvrJIN5yiuWKm7ligvujDLlxX4bKd0SmfcjOqvqV', '2019-11-20 21:46:33', 97, 148),
	(201, '2019-11-20 21:46:33', b'0', 'VGxoI4urUeSjvqcD0heRumdr640MbcxDKKpg4ofCcGc53eNITeWQd6STErln', '2019-11-20 21:46:33', 94, 136),
	(202, '2019-11-20 21:46:33', b'0', 'g6XbTU7e0Kn2PlPIkECEjr0ei0Pjy1fYRn0n7mCkReN7dUcEKr0JUgfF4WOl', '2019-11-20 21:46:33', 95, 151),
	(203, '2019-11-20 21:46:33', b'0', '6dS12BbFSJmfhkvM1pyvRBjcpfymg651Fn2EINbSDRpGsXUHRkcV0pFOsIPD', '2019-11-20 21:46:33', 111, 149),
	(204, '2019-11-20 21:46:33', b'0', 'dFerkeeoEmUYH7hYuPcj8F8WKdVGG4crIUWJrdc6FdFD8uHv7iM0LyW5xjsB', '2019-11-20 21:46:33', 95, 130),
	(205, '2019-11-20 21:46:33', b'0', 'jDv66jDDcLFr4vmx6DXB4rQ6RUU04qibq2D4RxEXLlQmgVJ7hpW6wqrY851i', '2019-11-20 21:46:33', 111, 125);

CREATE TABLE IF NOT EXISTS `journeyleg` (
  `id` bigint(20) NOT NULL,
  `closed` bit(1) NOT NULL,
  `firstAction` datetime DEFAULT NULL,
  `identifer` varchar(255) DEFAULT NULL,
  `lastAction` datetime DEFAULT NULL,
  `journey_id` bigint(20) NOT NULL,
  `operator_id` bigint(20) NOT NULL,
  `passenger_id` bigint(20) NOT NULL,
  PRIMARY KEY (`id`),
  UNIQUE KEY `UK_lm3s856bujbwt99lusfer4sd0` (`identifer`),
  KEY `FKne1u149mxmcs8dngk69ncu9nk` (`journey_id`),
  KEY `FKsq16ab5s72xsdfqirfaunlmo2` (`operator_id`),
  KEY `FKsiwcwj1fywytb7u2o7b25b921` (`passenger_id`)
) ENGINE=MyISAM DEFAULT CHARSET=latin1;


INSERT IGNORE INTO `journeyleg` (`id`, `closed`, `firstAction`, `identifer`, `lastAction`, `journey_id`, `operator_id`, `passenger_id`) VALUES
	(206, b'0', '2019-11-20 21:46:33', 'pkFqMRVrYpj70VjNFSV6Wq4XTvc3vy0xPIHYfIJCuxUFFpi2MnSXKXMT4kv2', '2019-11-20 21:46:33', 186, 88, 136),
	(207, b'0', '2019-11-20 21:46:33', 'GsESb1v2SLFsL4T6Hp2EktdTsFoCHi0T4lSd21kmdyFtoGWiRC5LmTusULNd', '2019-11-20 21:46:33', 198, 89, 148),
	(208, b'0', '2019-11-20 21:46:33', 'mp5QswgKyH1Wmn4jiSgeoXu60fBdDckYNYF3owLe8eSHInTHgLqJT7YRucVT', '2019-11-20 21:46:33', 159, 89, 104),
	(209, b'0', '2019-11-20 21:46:33', 'Nbgu7sH80okE6j3Vh8BjfvjspyJCf60mj3LnepKlFfuofE1QhhySFGrDDC3W', '2019-11-20 21:46:33', 172, 107, 122),
	(210, b'0', '2019-11-20 21:46:33', 'xP7yeXHs5MNxByUY8WIHGnQbyDSOYP8CCmjqu7mgbPDkP75orv08EyGJwV6L', '2019-11-20 21:46:33', 175, 111, 125),
	(211, b'0', '2019-11-20 21:46:33', 'LrcPjmbmXtyySUN7NJdVc7GPxTfkLGgsHgqQ4EKmYmgrRGRxxjFgeUGhTXyF', '2019-11-20 21:46:33', 177, 103, 127),
	(212, b'0', '2019-11-20 21:46:33', 'DRTeTsn5P7MjqWWbvEwyRnnOU13OKI0qGTpqUjfbvDSKVtCWjxPluLEHEndx', '2019-11-20 21:46:33', 173, 109, 123),
	(213, b'0', '2019-11-20 21:46:33', 'q42uiqlgD4XMyLolVqfiiHItMhPMx6syoOlqHhjNDwQ6LkykBD3JKbjTrfum', '2019-11-20 21:46:33', 203, 86, 153),
	(214, b'0', '2019-11-20 21:46:33', 'F5B71dNn42sIlTMXQoRPmlBpd4wc5lOyDkOd1yRiey4NkomFSivDVuxJyHCH', '2019-11-20 21:46:33', 158, 88, 102),
	(215, b'0', '2019-11-20 21:46:33', 'mOH00BJtSmhtsPlK6j5spIDhilgVNdxI8VIEKweobdQtE38hGeU2SL00xTD8', '2019-11-20 21:46:33', 182, 105, 132),
	(216, b'0', '2019-11-20 21:46:33', 'BcKMUnG2MeRlTThu7kPiwTK6gN4HF5eNigf8FPiwIvhX24wKsuijuBvfVoYD', '2019-11-20 21:46:33', 160, 90, 106),
	(217, b'0', '2019-11-20 21:46:33', 'FFtKCeKbRw0rNWxj6FICLF5itbStPw6HislGWL84T55HclETh0YwPdU0mL0W', '2019-11-20 21:46:33', 205, 89, 155),
	(218, b'0', '2019-11-20 21:46:33', 'c7fdxmpfUhHcd6q4Nlh2FCUwVuYSHeJkfL8YwISty5ll4d8RkJ4PNP3FmRKI', '2019-11-20 21:46:33', 184, 99, 134),
	(219, b'0', '2019-11-20 21:46:33', 'TVkbbu655sD1vsp56tbTp0SL4ihYEueoF3n0Rq3vwIRVUYGygdFyuPlmGv1E', '2019-11-20 21:46:33', 204, 97, 154),
	(220, b'0', '2019-11-20 21:46:33', 'bbXhREuIPV2xoefjbyOb3ktWCS5tLHWQQQuJcow8DosN83s3Hjqn7Y4LNTyK', '2019-11-20 21:46:33', 179, 93, 129),
	(221, b'0', '2019-11-20 21:46:33', 'cM0ShVxvfugFQtYyP4R7HjKHNfsqShRrtmyHg2JyBgpd6qK7YI85rqTu8nep', '2019-11-20 21:46:33', 190, 89, 140),
	(222, b'0', '2019-11-20 21:46:33', 'BmMPXEjDsIjTW6OM2lkFLEbrRS8ETl4eWg2sdrGoRncR3dGpPEyFo4Jrm06U', '2019-11-20 21:46:33', 171, 105, 121),
	(223, b'0', '2019-11-20 21:46:33', 'HtYF2PMJDox06GHi1xnyHQhvLxGf5u7C020v7X3uGGwHqWRmsibFTImEmCvn', '2019-11-20 21:46:33', 185, 88, 135),
	(224, b'0', '2019-11-20 21:46:33', 'WEr1QXvDuQwVoXY6DkiEpoyQm6rDqBbMpCPJBUpXD7jxQ4Vs8OnGQXgq30cR', '2019-11-20 21:46:33', 194, 109, 144),
	(225, b'0', '2019-11-20 21:46:33', 'KwU6wHsJVEuYeMEQ8kmjFhqBFWyRgWBCUjlCMCChML0iR5LxSuEoxEj504wj', '2019-11-20 21:46:33', 168, 99, 118),
	(226, b'0', '2019-11-20 21:46:33', 'vXojrRlhIBFMgc07M5JEsgDe7dm8EbGKqRLRl0eObM0FqyhWeipM036W8qw2', '2019-11-20 21:46:33', 192, 94, 142),
	(227, b'0', '2019-11-20 21:46:33', 'XqFNVGEJg0yNppQfdyigvUidcjTOUmLI2DfWB0pJNKLmXmEtlQB5i6g4S3ub', '2019-11-20 21:46:33', 165, 95, 115),
	(228, b'0', '2019-11-20 21:46:33', 'kBHwlOhyUTVvGtDHXdPHiYW8xSLljUhcCSFcKoPBWJOLr0egf5QESyujUfvb', '2019-11-20 21:46:33', 183, 86, 133),
	(229, b'0', '2019-11-20 21:46:33', '4FmCHWIivl8ohK5WyXkbHmTxfhVQ5LodovwQgSEFfiBml4RPlPM7F0YEx1Ti', '2019-11-20 21:46:33', 196, 86, 146),
	(230, b'0', '2019-11-20 21:46:33', 'i5V4RXhSbtcf38gMX5FOxCvBDo7i82fKkeewGgfRvFp1i1YBqi7fIvUVndCh', '2019-11-20 21:46:33', 174, 110, 124),
	(231, b'0', '2019-11-20 21:46:33', '4S4PvoV4x5s8mYiD8nB23VdOSCrWcOiOXkN8OTQYQfhrhWnvUejyhclXnEtu', '2019-11-20 21:46:33', 167, 97, 117),
	(232, b'0', '2019-11-20 21:46:33', 'tQV6WD6pIHbi6dEVVjjiRuLYulTV86dOg7UB35b0dS5uJ4K0b5hOXKjyhPXv', '2019-11-20 21:46:33', 180, 95, 130),
	(233, b'0', '2019-11-20 21:46:33', 'MYgGi70UtGHpb1nDFGMVk5VcrVq85uw1qcW5jJ3W5SGhiiFDNC2MMG2bfBBx', '2019-11-20 21:46:33', 191, 90, 141),
	(234, b'0', '2019-11-20 21:46:33', 'qs3ObcHuHY3env2i4F0mPuIrFIleBd2uUHll6wEKdy0WR7q87yHrmu4w21nu', '2019-11-20 21:46:33', 195, 101, 145),
	(235, b'0', '2019-11-20 21:46:33', 'mQNPCTLO7hOeD2KutripFYRcCegMmrnRn4r1PSXJg0piG6J46CEJKQFh7FlV', '2019-11-20 21:46:33', 178, 96, 128),
	(236, b'0', '2019-11-20 21:46:33', 'R0UqHoWuhd3IfxeX6CB2ufl8NSsgPvePdGfO3QLDBqNTSgWE0pm5l0fjDL5m', '2019-11-20 21:46:33', 163, 93, 113),
	(237, b'0', '2019-11-20 21:46:33', 'IYxdTKJGcv5k86RmUipCDQmrkQWHvBb5pBTiOvgSRgkkdGG1KVbmx5MNOOih', '2019-11-20 21:46:33', 199, 107, 149),
	(238, b'0', '2019-11-20 21:46:33', 'j7LBloPN2Rnq5ym8cd313sROhrEYbfYBytXodB7jemDbWLTQCiFv07sPycqc', '2019-11-20 21:46:33', 166, 96, 116),
	(239, b'0', '2019-11-20 21:46:33', 'fke1FXGKlGlrJNtolKtPXcCvV43wSim6gdseH34Pmp0DTIhMWpfKdX8It8vW', '2019-11-20 21:46:33', 169, 101, 119),
	(240, b'0', '2019-11-20 21:46:33', 'fUYIYvKFhHYOWsVrKJd8mIMKW0x4TlStVqlLVEIR0eSr0ygdxJEGNEqwF16h', '2019-11-20 21:46:33', 200, 92, 150),
	(241, b'0', '2019-11-20 21:46:33', 'CoYGU7xdJb8yEjP8LknLyRfSFbh0tFyFn3qet5nH8KC2HkOLD3GWx8m1yWyk', '2019-11-20 21:46:33', 170, 103, 120),
	(242, b'0', '2019-11-20 21:46:33', 'm3dLO0TVLSkERb3iVjtph2dqEqrwb5snI2uqwK8CkWV10DFEhWCYM4iGeOc3', '2019-11-20 21:46:33', 193, 109, 143),
	(243, b'0', '2019-11-20 21:46:33', 'ywmtQDVWO5TQx0uMd7J7XsiIGv873Vh6PCuDEf1ekLn2PnpxjLOkSXoTpwpx', '2019-11-20 21:46:33', 157, 87, 100),
	(244, b'0', '2019-11-20 21:46:33', 'duxDd0wyBX1wDClxB2XfItfMQlWecis8ky30xwhE5qgc2bUgitHLUGkvKF8s', '2019-11-20 21:46:33', 162, 92, 112),
	(245, b'0', '2019-11-20 21:46:33', 'C4l61ex0qF2uW88VUxx2VnpLnMSUiHxYQ22YKBXygJdNDleqGCMFvBLG5inf', '2019-11-20 21:46:33', 164, 94, 114),
	(246, b'0', '2019-11-20 21:46:33', 'Xg5qj3I6CV5hdKd2IypXQcRrcKtsWsC8eQPqIheSFWfWDRt4WvNQQgkvtyxe', '2019-11-20 21:46:33', 188, 97, 138),
	(247, b'0', '2019-11-20 21:46:33', 'huL3J7FKYXPN1yDGlXf4HekMU0jRVo4lNCorpPvd3eIHvu7i4nXQDoJ3Fnvq', '2019-11-20 21:46:33', 161, 91, 108),
	(248, b'0', '2019-11-20 21:46:33', 'duY0m1xvi6o6QxXRqx2MdWRDpdOmtyl5fVOfFoncT1HW8LOOublYN661PRxg', '2019-11-20 21:46:33', 187, 90, 137),
	(249, b'0', '2019-11-20 21:46:33', 'bc0h1ExUwNVU8M2618fY0sKUNYqUMF4IwqIS6078Nbcyqx8YT8UBX8PJTDbI', '2019-11-20 21:46:33', 202, 94, 152),
	(250, b'0', '2019-11-20 21:46:33', 'PUoF3Jc0HUm2lVDWsdVYLtt1nQ0dSuT70x301igyL2DwY1GBNrdPhqwfDGb3', '2019-11-20 21:46:33', 156, 86, 98),
	(251, b'0', '2019-11-20 21:46:33', 'N64KjkPJmXN78Pl61nKWdImbIRmmXYlu8Dw77kdFBVj2bpSxrhqmQSXkTfM4', '2019-11-20 21:46:33', 201, 103, 151),
	(252, b'0', '2019-11-20 21:46:33', 'e3CcjiHqngBH80ywPuPRVnNuvTOixTQRPqCtLVDDXXPFqYyxTYYQG4peh8Lw', '2019-11-20 21:46:33', 181, 92, 131),
	(253, b'0', '2019-11-20 21:46:33', 'u3oDiEjhkYd8pvrtOCuEpsOs5vl0v5SbWoHeHrcfIFLjfbNEFtKcyXtnokPc', '2019-11-20 21:46:33', 189, 90, 139),
	(254, b'0', '2019-11-20 21:46:33', 'uBPKKMQq76BlpHqUn4qsHhKuQOvug4PyolhvxFMXPEDT3SjL2P5g5r3dLb88', '2019-11-20 21:46:33', 176, 89, 126),
	(255, b'0', '2019-11-20 21:46:33', 'LSxv2Eq2rblkcjeDShRvdGfYYnqd555jEMCyuqoTsv3k5R2sKyFGL5dUsNlQ', '2019-11-20 21:46:33', 197, 87, 147);

CREATE TABLE IF NOT EXISTS `operator` (
  `id` bigint(20) NOT NULL,
  `licenceId` int(11) NOT NULL,
  `name` varchar(255) DEFAULT NULL,
  `operatorCode` varchar(255) DEFAULT NULL,
  `status` int(11) NOT NULL,
  `type` int(11) NOT NULL,
  `owner_id` bigint(20) NOT NULL,
  PRIMARY KEY (`id`),
  UNIQUE KEY `UK_kh7bi54mogji2m7bhh1l64ae6` (`operatorCode`),
  KEY `FKfbhatuqhgeoqwts3bscwmwik0` (`owner_id`)
) ENGINE=MyISAM DEFAULT CHARSET=latin1;


INSERT IGNORE INTO `operator` (`id`, `licenceId`, `name`, `operatorCode`, `status`, `type`, `owner_id`) VALUES
	(86, 5013, 'Operator #13', 'operator-errorCode-13', 2, 3, 58),
	(87, 5015, 'Operator #15', 'operator-errorCode-15', 3, 3, 61),
	(88, 5018, 'Operator #18', 'operator-errorCode-18', 3, 1, 64),
	(89, 5000, 'Operator #0', 'operator-errorCode-0', 2, 3, 1),
	(90, 5004, 'Operator #4', 'operator-errorCode-4', 1, 2, 11),
	(91, 5003, 'Operator #3', 'operator-errorCode-3', 3, 1, 9),
	(92, 5012, 'Operator #12', 'operator-errorCode-12', 3, 3, 56),
	(93, 5001, 'Operator #1', 'operator-errorCode-1', 2, 3, 5),
	(94, 5016, 'Operator #16', 'operator-errorCode-16', 1, 2, 62),
	(95, 5008, 'Operator #8', 'operator-errorCode-8', 2, 2, 40),
	(96, 5014, 'Operator #14', 'operator-errorCode-14', 3, 2, 60),
	(97, 5007, 'Operator #7', 'operator-errorCode-7', 1, 3, 32),
	(99, 5010, 'Operator #10', 'operator-errorCode-10', 1, 1, 49),
	(101, 5017, 'Operator #17', 'operator-errorCode-17', 1, 1, 63),
	(103, 5011, 'Operator #11', 'operator-errorCode-11', 2, 1, 51),
	(105, 5009, 'Operator #9', 'operator-errorCode-9', 3, 3, 42),
	(107, 5006, 'Operator #6', 'operator-errorCode-6', 3, 3, 16),
	(109, 5019, 'Operator #19', 'operator-errorCode-19', 2, 3, 65),
	(110, 5005, 'Operator #5', 'operator-errorCode-5', 3, 1, 13),
	(111, 5002, 'Operator #2', 'operator-errorCode-2', 1, 2, 7);

CREATE TABLE IF NOT EXISTS `operator_city` (
  `operator_id` bigint(20) NOT NULL,
  `city_id` bigint(20) NOT NULL,
  PRIMARY KEY (`operator_id`,`city_id`),
  KEY `FK2w8hd9myou8tqphrb02rgbmr2` (`city_id`)
) ENGINE=MyISAM DEFAULT CHARSET=latin1;


INSERT IGNORE INTO `operator_city` (`operator_id`, `city_id`) VALUES
	(86, 66),
	(86, 67),
	(86, 68),
	(86, 69),
	(86, 70),
	(86, 71),
	(86, 72),
	(86, 73),
	(86, 74),
	(86, 75),
	(86, 76),
	(86, 77),
	(86, 78),
	(86, 79),
	(86, 80),
	(86, 81),
	(86, 82),
	(86, 83),
	(86, 84),
	(86, 85),
	(87, 66),
	(87, 67),
	(87, 68),
	(87, 69),
	(87, 70),
	(87, 71),
	(87, 72),
	(87, 73),
	(87, 74),
	(87, 75),
	(87, 76),
	(87, 77),
	(87, 78),
	(87, 79),
	(87, 80),
	(87, 81),
	(87, 82),
	(87, 83),
	(87, 84),
	(87, 85),
	(88, 66),
	(88, 67),
	(88, 68),
	(88, 69),
	(88, 70),
	(88, 71),
	(88, 72),
	(88, 73),
	(88, 74),
	(88, 75),
	(88, 76),
	(88, 77),
	(88, 78),
	(88, 79),
	(88, 80),
	(88, 81),
	(88, 82),
	(88, 83),
	(88, 84),
	(88, 85),
	(89, 66),
	(89, 67),
	(89, 68),
	(89, 69),
	(89, 70),
	(89, 71),
	(89, 72),
	(89, 73),
	(89, 74),
	(89, 75),
	(89, 76),
	(89, 77),
	(89, 78),
	(89, 79),
	(89, 80),
	(89, 81),
	(89, 82),
	(89, 83),
	(89, 84),
	(89, 85),
	(90, 66),
	(90, 67),
	(90, 68),
	(90, 69),
	(90, 70),
	(90, 71),
	(90, 72),
	(90, 73),
	(90, 74),
	(90, 75),
	(90, 76),
	(90, 77),
	(90, 78),
	(90, 79),
	(90, 80),
	(90, 81),
	(90, 82),
	(90, 83),
	(90, 84),
	(90, 85),
	(91, 66),
	(91, 67),
	(91, 68),
	(91, 69),
	(91, 70),
	(91, 71),
	(91, 72),
	(91, 73),
	(91, 74),
	(91, 75),
	(91, 76),
	(91, 77),
	(91, 78),
	(91, 79),
	(91, 80),
	(91, 81),
	(91, 82),
	(91, 83),
	(91, 84),
	(91, 85),
	(92, 66),
	(92, 67),
	(92, 68),
	(92, 69),
	(92, 70),
	(92, 71),
	(92, 72),
	(92, 73),
	(92, 74),
	(92, 75),
	(92, 76),
	(92, 77),
	(92, 78),
	(92, 79),
	(92, 80),
	(92, 81),
	(92, 82),
	(92, 83),
	(92, 84),
	(92, 85),
	(93, 66),
	(93, 67),
	(93, 68),
	(93, 69),
	(93, 70),
	(93, 71),
	(93, 72),
	(93, 73),
	(93, 74),
	(93, 75),
	(93, 76),
	(93, 77),
	(93, 78),
	(93, 79),
	(93, 80),
	(93, 81),
	(93, 82),
	(93, 83),
	(93, 84),
	(93, 85),
	(94, 66),
	(94, 67),
	(94, 68),
	(94, 69),
	(94, 70),
	(94, 71),
	(94, 72),
	(94, 73),
	(94, 74),
	(94, 75),
	(94, 76),
	(94, 77),
	(94, 78),
	(94, 79),
	(94, 80),
	(94, 81),
	(94, 82),
	(94, 83),
	(94, 84),
	(94, 85),
	(95, 66),
	(95, 67),
	(95, 68),
	(95, 69),
	(95, 70),
	(95, 71),
	(95, 72),
	(95, 73),
	(95, 74),
	(95, 75),
	(95, 76),
	(95, 77),
	(95, 78),
	(95, 79),
	(95, 80),
	(95, 81),
	(95, 82),
	(95, 83),
	(95, 84),
	(95, 85),
	(96, 66),
	(96, 67),
	(96, 68),
	(96, 69),
	(96, 70),
	(96, 71),
	(96, 72),
	(96, 73),
	(96, 74),
	(96, 75),
	(96, 76),
	(96, 77),
	(96, 78),
	(96, 79),
	(96, 80),
	(96, 81),
	(96, 82),
	(96, 83),
	(96, 84),
	(96, 85),
	(97, 66),
	(97, 67),
	(97, 68),
	(97, 69),
	(97, 70),
	(97, 71),
	(97, 72),
	(97, 73),
	(97, 74),
	(97, 75),
	(97, 76),
	(97, 77),
	(97, 78),
	(97, 79),
	(97, 80),
	(97, 81),
	(97, 82),
	(97, 83),
	(97, 84),
	(97, 85),
	(99, 66),
	(99, 67),
	(99, 68),
	(99, 69),
	(99, 70),
	(99, 71),
	(99, 72),
	(99, 73),
	(99, 74),
	(99, 75),
	(99, 76),
	(99, 77),
	(99, 78),
	(99, 79),
	(99, 80),
	(99, 81),
	(99, 82),
	(99, 83),
	(99, 84),
	(99, 85),
	(101, 66),
	(101, 67),
	(101, 68),
	(101, 69),
	(101, 70),
	(101, 71),
	(101, 72),
	(101, 73),
	(101, 74),
	(101, 75),
	(101, 76),
	(101, 77),
	(101, 78),
	(101, 79),
	(101, 80),
	(101, 81),
	(101, 82),
	(101, 83),
	(101, 84),
	(101, 85),
	(103, 66),
	(103, 67),
	(103, 68),
	(103, 69),
	(103, 70),
	(103, 71),
	(103, 72),
	(103, 73),
	(103, 74),
	(103, 75),
	(103, 76),
	(103, 77),
	(103, 78),
	(103, 79),
	(103, 80),
	(103, 81),
	(103, 82),
	(103, 83),
	(103, 84),
	(103, 85),
	(105, 66),
	(105, 67),
	(105, 68),
	(105, 69),
	(105, 70),
	(105, 71),
	(105, 72),
	(105, 73),
	(105, 74),
	(105, 75),
	(105, 76),
	(105, 77),
	(105, 78),
	(105, 79),
	(105, 80),
	(105, 81),
	(105, 82),
	(105, 83),
	(105, 84),
	(105, 85),
	(107, 66),
	(107, 67),
	(107, 68),
	(107, 69),
	(107, 70),
	(107, 71),
	(107, 72),
	(107, 73),
	(107, 74),
	(107, 75),
	(107, 76),
	(107, 77),
	(107, 78),
	(107, 79),
	(107, 80),
	(107, 81),
	(107, 82),
	(107, 83),
	(107, 84),
	(107, 85),
	(109, 66),
	(109, 67),
	(109, 68),
	(109, 69),
	(109, 70),
	(109, 71),
	(109, 72),
	(109, 73),
	(109, 74),
	(109, 75),
	(109, 76),
	(109, 77),
	(109, 78),
	(109, 79),
	(109, 80),
	(109, 81),
	(109, 82),
	(109, 83),
	(109, 84),
	(109, 85),
	(110, 66),
	(110, 67),
	(110, 68),
	(110, 69),
	(110, 70),
	(110, 71),
	(110, 72),
	(110, 73),
	(110, 74),
	(110, 75),
	(110, 76),
	(110, 77),
	(110, 78),
	(110, 79),
	(110, 80),
	(110, 81),
	(110, 82),
	(110, 83),
	(110, 84),
	(110, 85),
	(111, 66),
	(111, 67),
	(111, 68),
	(111, 69),
	(111, 70),
	(111, 71),
	(111, 72),
	(111, 73),
	(111, 74),
	(111, 75),
	(111, 76),
	(111, 77),
	(111, 78),
	(111, 79),
	(111, 80),
	(111, 81),
	(111, 82),
	(111, 83),
	(111, 84),
	(111, 85);

CREATE TABLE IF NOT EXISTS `operator_vehicle` (
  `operator_id` bigint(20) NOT NULL,
  `vehicle_id` bigint(20) NOT NULL,
  PRIMARY KEY (`operator_id`,`vehicle_id`),
  KEY `FKpa8j65fr4pvm80vrkl2fsb5p1` (`vehicle_id`)
) ENGINE=MyISAM DEFAULT CHARSET=latin1;


INSERT IGNORE INTO `operator_vehicle` (`operator_id`, `vehicle_id`) VALUES
	(86, 27),
	(86, 35),
	(86, 38),
	(87, 27),
	(88, 31),
	(89, 2),
	(89, 38),
	(90, 27),
	(90, 31),
	(90, 35),
	(90, 38),
	(91, 27),
	(91, 31),
	(92, 2),
	(92, 27),
	(92, 38),
	(93, 2),
	(94, 31),
	(95, 27),
	(95, 38),
	(97, 27),
	(99, 27),
	(99, 31),
	(99, 38),
	(101, 2),
	(101, 27),
	(101, 31),
	(101, 35),
	(103, 35),
	(105, 2),
	(105, 27),
	(105, 35),
	(105, 38),
	(107, 35),
	(109, 31),
	(110, 2),
	(110, 35),
	(111, 27);

CREATE TABLE IF NOT EXISTS `owner` (
  `id` bigint(20) NOT NULL,
  `name` varchar(255) DEFAULT NULL,
  `slug` varchar(255) DEFAULT NULL,
  PRIMARY KEY (`id`)
) ENGINE=MyISAM DEFAULT CHARSET=latin1;


INSERT IGNORE INTO `owner` (`id`, `name`, `slug`) VALUES
	(1, 'Owner 6', 'owner-slug-6'),
	(5, 'Owner 16', 'owner-slug-16'),
	(7, 'Owner 7', 'owner-slug-7'),
	(9, 'Owner 15', 'owner-slug-15'),
	(11, 'Owner 4', 'owner-slug-4'),
	(13, 'Owner 10', 'owner-slug-10'),
	(16, 'Owner 18', 'owner-slug-18'),
	(32, 'Owner 5', 'owner-slug-5'),
	(40, 'Owner 17', 'owner-slug-17'),
	(42, 'Owner 2', 'owner-slug-2'),
	(49, 'Owner 12', 'owner-slug-12'),
	(51, 'Owner 3', 'owner-slug-3'),
	(56, 'Owner 11', 'owner-slug-11'),
	(58, 'Owner 19', 'owner-slug-19'),
	(60, 'Owner 0', 'owner-slug-0'),
	(61, 'Owner 8', 'owner-slug-8'),
	(62, 'Owner 14', 'owner-slug-14'),
	(63, 'Owner 1', 'owner-slug-1'),
	(64, 'Owner 9', 'owner-slug-9'),
	(65, 'Owner 13', 'owner-slug-13');

CREATE TABLE IF NOT EXISTS `passenger` (
  `id` bigint(20) NOT NULL,
  `active` bit(1) NOT NULL,
  `balance` decimal(19,2) DEFAULT NULL,
  `blocked` bit(1) NOT NULL,
  `acId` int(11) NOT NULL,
  `activationDate` datetime DEFAULT NULL,
  `validityDate` datetime DEFAULT NULL,
  `email` varchar(255) DEFAULT NULL,
  `firstName` varchar(255) DEFAULT NULL,
  `lastName` varchar(255) DEFAULT NULL,
  `city_id` bigint(20) NOT NULL,
  PRIMARY KEY (`id`),
  KEY `FKdl343iqf97f7k68vl44oo7htk` (`city_id`)
) ENGINE=MyISAM DEFAULT CHARSET=latin1;


INSERT IGNORE INTO `passenger` (`id`, `active`, `balance`, `blocked`, `acId`, `activationDate`, `validityDate`, `email`, `firstName`, `lastName`, `city_id`) VALUES
	(98, b'1', 100.00, b'0', 6, '2019-11-20 21:46:33', '2030-02-03 12:00:00', 'supermail6@yahoo.com', 'John6', 'Doe6', 75),
	(100, b'1', 100.00, b'0', 44, '2019-11-20 21:46:33', '2030-02-03 12:00:00', 'supermail44@yahoo.com', 'John44', 'Doe44', 80),
	(102, b'1', 100.00, b'0', 28, '2019-11-20 21:46:33', '2030-02-03 12:00:00', 'supermail28@yahoo.com', 'John28', 'Doe28', 71),
	(104, b'1', 100.00, b'0', 27, '2019-11-20 21:46:33', '2030-02-03 12:00:00', 'supermail27@yahoo.com', 'John27', 'Doe27', 79),
	(106, b'1', 100.00, b'0', 9, '2019-11-20 21:46:33', '2030-02-03 12:00:00', 'supermail9@yahoo.com', 'John9', 'Doe9', 82),
	(108, b'1', 100.00, b'0', 29, '2019-11-20 21:46:33', '2030-02-03 12:00:00', 'supermail29@yahoo.com', 'John29', 'Doe29', 79),
	(112, b'1', 100.00, b'0', 37, '2019-11-20 21:46:33', '2030-02-03 12:00:00', 'supermail37@yahoo.com', 'John37', 'Doe37', 72),
	(113, b'1', 100.00, b'0', 34, '2019-11-20 21:46:33', '2030-02-03 12:00:00', 'supermail34@yahoo.com', 'John34', 'Doe34', 66),
	(114, b'1', 100.00, b'0', 1, '2019-11-20 21:46:33', '2030-02-03 12:00:00', 'supermail1@yahoo.com', 'John1', 'Doe1', 69),
	(115, b'1', 100.00, b'0', 8, '2019-11-20 21:46:33', '2030-02-03 12:00:00', 'supermail8@yahoo.com', 'John8', 'Doe8', 83),
	(116, b'1', 100.00, b'0', 42, '2019-11-20 21:46:33', '2030-02-03 12:00:00', 'supermail42@yahoo.com', 'John42', 'Doe42', 75),
	(117, b'1', 100.00, b'0', 47, '2019-11-20 21:46:33', '2030-02-03 12:00:00', 'supermail47@yahoo.com', 'John47', 'Doe47', 69),
	(118, b'1', 100.00, b'0', 3, '2019-11-20 21:46:33', '2030-02-03 12:00:00', 'supermail3@yahoo.com', 'John3', 'Doe3', 77),
	(119, b'1', 100.00, b'0', 38, '2019-11-20 21:46:33', '2030-02-03 12:00:00', 'supermail38@yahoo.com', 'John38', 'Doe38', 74),
	(120, b'1', 100.00, b'0', 23, '2019-11-20 21:46:33', '2030-02-03 12:00:00', 'supermail23@yahoo.com', 'John23', 'Doe23', 80),
	(121, b'1', 100.00, b'0', 7, '2019-11-20 21:46:33', '2030-02-03 12:00:00', 'supermail7@yahoo.com', 'John7', 'Doe7', 76),
	(122, b'1', 100.00, b'0', 33, '2019-11-20 21:46:33', '2030-02-03 12:00:00', 'supermail33@yahoo.com', 'John33', 'Doe33', 83),
	(123, b'1', 100.00, b'0', 46, '2019-11-20 21:46:33', '2030-02-03 12:00:00', 'supermail46@yahoo.com', 'John46', 'Doe46', 73),
	(124, b'1', 100.00, b'0', 48, '2019-11-20 21:46:33', '2030-02-03 12:00:00', 'supermail48@yahoo.com', 'John48', 'Doe48', 82),
	(125, b'1', 100.00, b'0', 49, '2019-11-20 21:46:33', '2030-02-03 12:00:00', 'supermail49@yahoo.com', 'John49', 'Doe49', 68),
	(126, b'1', 100.00, b'0', 30, '2019-11-20 21:46:33', '2030-02-03 12:00:00', 'supermail30@yahoo.com', 'John30', 'Doe30', 69),
	(127, b'1', 100.00, b'0', 45, '2019-11-20 21:46:33', '2030-02-03 12:00:00', 'supermail45@yahoo.com', 'John45', 'Doe45', 83),
	(128, b'1', 100.00, b'0', 25, '2019-11-20 21:46:33', '2030-02-03 12:00:00', 'supermail25@yahoo.com', 'John25', 'Doe25', 80),
	(129, b'1', 100.00, b'0', 16, '2019-11-20 21:46:33', '2030-02-03 12:00:00', 'supermail16@yahoo.com', 'John16', 'Doe16', 85),
	(130, b'1', 100.00, b'0', 26, '2019-11-20 21:46:33', '2030-02-03 12:00:00', 'supermail26@yahoo.com', 'John26', 'Doe26', 84),
	(131, b'1', 100.00, b'0', 36, '2019-11-20 21:46:33', '2030-02-03 12:00:00', 'supermail36@yahoo.com', 'John36', 'Doe36', 78),
	(132, b'1', 100.00, b'0', 2, '2019-11-20 21:46:33', '2030-02-03 12:00:00', 'supermail2@yahoo.com', 'John2', 'Doe2', 73),
	(133, b'1', 100.00, b'0', 13, '2019-11-20 21:46:33', '2030-02-03 12:00:00', 'supermail13@yahoo.com', 'John13', 'Doe13', 72),
	(134, b'1', 100.00, b'0', 32, '2019-11-20 21:46:33', '2030-02-03 12:00:00', 'supermail32@yahoo.com', 'John32', 'Doe32', 82),
	(135, b'1', 100.00, b'0', 39, '2019-11-20 21:46:33', '2030-02-03 12:00:00', 'supermail39@yahoo.com', 'John39', 'Doe39', 85),
	(136, b'1', 100.00, b'0', 15, '2019-11-20 21:46:33', '2030-02-03 12:00:00', 'supermail15@yahoo.com', 'John15', 'Doe15', 67),
	(137, b'1', 100.00, b'0', 20, '2019-11-20 21:46:33', '2030-02-03 12:00:00', 'supermail20@yahoo.com', 'John20', 'Doe20', 76),
	(138, b'1', 100.00, b'0', 40, '2019-11-20 21:46:33', '2030-02-03 12:00:00', 'supermail40@yahoo.com', 'John40', 'Doe40', 78),
	(139, b'1', 100.00, b'0', 5, '2019-11-20 21:46:33', '2030-02-03 12:00:00', 'supermail5@yahoo.com', 'John5', 'Doe5', 68),
	(140, b'1', 100.00, b'0', 35, '2019-11-20 21:46:33', '2030-02-03 12:00:00', 'supermail35@yahoo.com', 'John35', 'Doe35', 66),
	(141, b'1', 100.00, b'0', 41, '2019-11-20 21:46:33', '2030-02-03 12:00:00', 'supermail41@yahoo.com', 'John41', 'Doe41', 67),
	(142, b'1', 100.00, b'0', 11, '2019-11-20 21:46:33', '2030-02-03 12:00:00', 'supermail11@yahoo.com', 'John11', 'Doe11', 79),
	(143, b'1', 100.00, b'0', 12, '2019-11-20 21:46:33', '2030-02-03 12:00:00', 'supermail12@yahoo.com', 'John12', 'Doe12', 71),
	(144, b'1', 100.00, b'0', 18, '2019-11-20 21:46:33', '2030-02-03 12:00:00', 'supermail18@yahoo.com', 'John18', 'Doe18', 74),
	(145, b'1', 100.00, b'0', 0, '2019-11-20 21:46:33', '2030-02-03 12:00:00', 'supermail0@yahoo.com', 'John0', 'Doe0', 66),
	(146, b'1', 100.00, b'0', 10, '2019-11-20 21:46:33', '2030-02-03 12:00:00', 'supermail10@yahoo.com', 'John10', 'Doe10', 80),
	(147, b'1', 100.00, b'0', 14, '2019-11-20 21:46:33', '2030-02-03 12:00:00', 'supermail14@yahoo.com', 'John14', 'Doe14', 84),
	(148, b'1', 100.00, b'0', 19, '2019-11-20 21:46:33', '2030-02-03 12:00:00', 'supermail19@yahoo.com', 'John19', 'Doe19', 81),
	(149, b'1', 100.00, b'0', 22, '2019-11-20 21:46:33', '2030-02-03 12:00:00', 'supermail22@yahoo.com', 'John22', 'Doe22', 76),
	(150, b'1', 100.00, b'0', 24, '2019-11-20 21:46:33', '2030-02-03 12:00:00', 'supermail24@yahoo.com', 'John24', 'Doe24', 76),
	(151, b'1', 100.00, b'0', 4, '2019-11-20 21:46:33', '2030-02-03 12:00:00', 'supermail4@yahoo.com', 'John4', 'Doe4', 78),
	(152, b'1', 100.00, b'0', 21, '2019-11-20 21:46:33', '2030-02-03 12:00:00', 'supermail21@yahoo.com', 'John21', 'Doe21', 72),
	(153, b'1', 100.00, b'0', 43, '2019-11-20 21:46:33', '2030-02-03 12:00:00', 'supermail43@yahoo.com', 'John43', 'Doe43', 76),
	(154, b'1', 100.00, b'0', 17, '2019-11-20 21:46:33', '2030-02-03 12:00:00', 'supermail17@yahoo.com', 'John17', 'Doe17', 70),
	(155, b'1', 100.00, b'0', 31, '2019-11-20 21:46:33', '2030-02-03 12:00:00', 'supermail31@yahoo.com', 'John31', 'Doe31', 84);

CREATE TABLE IF NOT EXISTS `passenger_action` (
  `id` bigint(20) NOT NULL,
  `costAmont` decimal(19,2) DEFAULT NULL,
  `date` datetime DEFAULT NULL,
  `identifier` varchar(255) DEFAULT NULL,
  `type` varchar(255) DEFAULT NULL,
  `journeyleg_id` bigint(20) DEFAULT NULL,
  `point_id` bigint(20) DEFAULT NULL,
  PRIMARY KEY (`id`),
  UNIQUE KEY `UK6p4wn3ahnl2msptqi808oeip5` (`identifier`,`type`),
  KEY `FKnnnfx21e3tmaawuhswkw50l6t` (`journeyleg_id`),
  KEY `FK3syake9t1pyxwbjw167vnb12s` (`point_id`)
) ENGINE=MyISAM DEFAULT CHARSET=latin1;

INSERT IGNORE INTO `passenger_action` (`id`, `costAmont`, `date`, `identifier`, `type`, `journeyleg_id`, `point_id`) VALUES
	(256, 0.00, '2019-11-20 21:46:33', 'yrRqpCyndX4pRhNYfyeDr6xNdtFKF71R3dmL7kFx2Sr2GJgLmFPNSNlrx4R1', 'TOUCH_IN', 206, 53),
	(257, 0.00, '2019-11-20 21:46:33', 'MIVBGJD3f5nDDuqT7VjP8NhF3ls66PkS8QEy7QPMgQH0U07H4U6kXbjD5UOJ', 'TOUCH_IN', 207, 47),
	(258, 0.00, '2019-11-20 21:46:33', 'hTMcj5WW0SVSEFMg5SCnNlQTdSREjJtMYXr4ktwMT83HD76BDDO7e1JoKhwE', 'TOUCH_IN', 208, 26),
	(259, 0.00, '2019-11-20 21:46:34', 'hmqq3dpw7lQWIrtfqJi642JwyyBCFYgnD0Qj3g11bb7QI5Wlpjin4wxesI1C', 'TOUCH_IN', 209, 8),
	(260, 0.00, '2019-11-20 21:46:34', 'EigDffEWy1HnlOnI24cHVD64RGbvp0h3g8EdmgSR5Kx577Ml4Klkk0oJLXc7', 'TOUCH_IN', 210, 21),
	(261, 0.00, '2019-11-20 21:46:34', '0SNuE6nhVpSpDVV5hlMD1S4kHmUECXoq04IBVlGVcgIovGnSsr7SvVmwNojt', 'TOUCH_IN', 211, 45),
	(262, 0.00, '2019-11-20 21:46:34', 'kkNSFKG2ceCOVcrJxnCVShve6oNdU1OUUhKcmfv0ucBctwh4khGo0lVPXokr', 'TOUCH_IN', 212, 6),
	(263, 0.00, '2019-11-20 21:46:34', '2Wdj1uuqcj5teFhc5Vjpnv0j3CQJ7npVfe361S6MkMYrDUNH52wPTVrFydIB', 'TOUCH_IN', 213, 12),
	(264, 0.00, '2019-11-20 21:46:34', 'bVEVRgJhNpTUs61SMUHLeonnMu2pnenvdQ0B6NRFB2TC277JDBQd2rIG5uRR', 'TOUCH_IN', 214, 15),
	(265, 0.00, '2019-11-20 21:46:34', 'ESep53WRNcIKH0M4PgQsLnho2SOrPmUHhd8Ynj62GVtdSbYDsjBBLEf2qqji', 'TOUCH_IN', 215, 28),
	(266, 0.00, '2019-11-20 21:46:34', 'Pl1CTx3EYxWcrLPrYyYllsULEWWugwcSO6CDrkmT6DmLly7RtwSjYbQ8JiGo', 'TOUCH_IN', 216, 34),
	(267, 0.00, '2019-11-20 21:46:34', 'L1e5TJ6onBJts7kh1KyiI13RLJKmwtbJ0k0kOTDXuRiiyYOC33XJ0122Bu2e', 'TOUCH_IN', 217, 17),
	(268, 0.00, '2019-11-20 21:46:34', 'nQdHXdROfvXwFe0ukt5POFwPF3lOiTxuGoqF2KenemPsBoFnFM2K4CfboW2u', 'TOUCH_IN', 218, 23),
	(269, 0.00, '2019-11-20 21:46:34', '0GXWWl1vmOGfdcoj1Rhkj0o7lINQLYGh6jHSMjK5swNrqGC3LfCbvevInu6O', 'TOUCH_IN', 219, 24),
	(270, 0.00, '2019-11-20 21:46:34', 'S8dRXqlckCtexEnXWQ8SC2CmtXNOtMlBGLnKYESsR2NUy1m1BfFsEQXmmytB', 'TOUCH_IN', 220, 30),
	(271, 0.00, '2019-11-20 21:46:34', 'HKe1ywiSb0OvYQ2PsSS0xd8XxqKfehxH4HkbLNRGxKUL2sgr0kdoPBu1ylsG', 'TOUCH_IN', 221, 36),
	(272, 0.00, '2019-11-20 21:46:34', '6Rqg1GWFNEimpSdymowwm4gV8s41Gie5Tul4bmyhy7mioLegKrWI2d7FoO6n', 'TOUCH_IN', 222, 55),
	(273, 0.00, '2019-11-20 21:46:34', 'T5YDHh57bpl4S4Nfe2RGCsnPXgNi7orQusdGKib3UhnpGEQBkRQXgTelMk8U', 'TOUCH_IN', 223, 43),
	(274, 0.00, '2019-11-20 21:46:34', 'tluP24wumjC5300JghDpdciYFI4HLC8uc3jJComVMeHxOWImRs2PU7DcSYT5', 'TOUCH_IN', 224, 4),
	(275, 0.00, '2019-11-20 21:46:34', 'u4nUTjCmlJlYbIDGtLTmynYcWV5uYLu75CvTbDXI8eVjtx1tTlNFlxQ136XC', 'TOUCH_IN', 225, 19),
	(276, 0.00, '2019-11-20 21:46:34', 'dXqLMxlK34rf56flHgPoyPvfbXr1j6RStjRq8VVCSmmJWPYciTc3XU0wmP0X', 'TOUCH_IN', 226, 36),
	(277, 0.00, '2019-11-20 21:46:34', 'KUYREITHhpkDINkWsc3wLV1lhi0Bbr5h2yD2q2OgFBH6dNcd76cRSECNUWLt', 'TOUCH_IN', 227, 8),
	(278, 0.00, '2019-11-20 21:46:34', 'YcD2Eg8WiFMkBeYDijWToWUjCnhdhBnljt6sJ6iB8UeGEJHu31OkKUTJQUVi', 'TOUCH_IN', 228, 47),
	(279, 0.00, '2019-11-20 21:46:34', 'RcvBFYUXVcDuIqK8RPrKtvGnp1wRNgm6YyuKU6osVL7JvBgn3EvQqFBVRKLO', 'TOUCH_IN', 229, 36),
	(280, 0.00, '2019-11-20 21:46:34', 'IKkOk1UxbBIksnWPEm7py10Ju6gViluVSvgI0jCTMpOdwnSj7Ln1DKicmS0y', 'TOUCH_IN', 230, 21),
	(281, 0.00, '2019-11-20 21:46:34', 'TkRojefXDQTUiSp1uFpSL5Lgb6t0tY247YtmNPN5fFI6nFJqFXodYEm40jlP', 'TOUCH_IN', 231, 19),
	(282, 0.00, '2019-11-20 21:46:34', 'QWsurHoRNWOgRVQujrdVgfb1tj8ICP2TOLPlRYs2ssNmdFTGOXp8OYrl1IBv', 'TOUCH_IN', 232, 26),
	(283, 0.00, '2019-11-20 21:46:34', 'kSPjYDjKCIuJ7DjoL2cEJ8v1SV5UHLFSgrMpgGuXGJXfpPhNK86PWPQ6g5Wx', 'TOUCH_IN', 233, 47),
	(284, 0.00, '2019-11-20 21:46:34', 'QejDLPqXY07TSslDhJl7ktuPKWdIBJouxSR2u5fJ5vLrqYd8rjJVJnf7v38S', 'TOUCH_IN', 234, 8),
	(285, 0.00, '2019-11-20 21:46:34', 'jrjik0HC6ibRnwGxyD1TI2mkfEVwcFWL7BjQSjqYGdLIjFE2d1HLuCeNnP4g', 'TOUCH_IN', 235, 45),
	(286, 0.00, '2019-11-20 21:46:34', 'EbmxLcDYf2tyQfBhjOJYhcwOIrGy4Im1Mq8kfWGlIuCjfXVofNR0hQJgwTMI', 'TOUCH_IN', 236, 28),
	(287, 0.00, '2019-11-20 21:46:34', 'oJyPu3bLfUfPrhwHr6jihx7x6CUDjYQXSq6PoYqWVrCjEudc6k6M58GfK0Vy', 'TOUCH_IN', 237, 17),
	(288, 0.00, '2019-11-20 21:46:34', 'l0CiSy1JE4VTniVhh44RQBkUMoIPbmI2UWuG8MQNHLcvcj3UVxbWiqN04iSF', 'TOUCH_IN', 238, 45),
	(289, 0.00, '2019-11-20 21:46:34', 'lPMc62cmh55BgDDudipmffbf4mVIXGSdJ4uvw4FFiJR28OmvdGBC1iPKUG3F', 'TOUCH_IN', 239, 6),
	(290, 0.00, '2019-11-20 21:46:34', 'u7JvYR1SdB4ijbIPVB7SHPYktTgynDSMMdBJE5GWhowvV6n2Npb57sFWWIIs', 'TOUCH_IN', 240, 23),
	(291, 0.00, '2019-11-20 21:46:34', 'jxyJe8iSJRqGJgEEMIgEoxSosPSqQ3DrbOi3OJ4jT1J72E0lg80XpcroBNQ6', 'TOUCH_IN', 241, 34),
	(292, 0.00, '2019-11-20 21:46:34', 'V7dKktlK86CRW7nUrjGRrKpqKjnbJ7r6vb1xsdvN0MFy1cnDWy5VO2oHg8Is', 'TOUCH_IN', 242, 21),
	(293, 0.00, '2019-11-20 21:46:34', 'EmjFg0CqBOxdP5OG6OsbS5Ve8n6NXlMYbYoftMoD3ceIh0CYJDoIvRG8Vr7h', 'TOUCH_IN', 243, 23),
	(294, 0.00, '2019-11-20 21:46:34', 'QYT5wfFTrvvT5hIBxwWWb6QH3OcEXvUUOUDkbHK8Hyh7XKek3PgpK1ehNsBB', 'TOUCH_IN', 244, 55),
	(295, 0.00, '2019-11-20 21:46:34', 'KUpm7sy83xl0iSlkbVyRGKX33U7q46QHO1bhFUl8ycixtUQ0jfllwqHrEb07', 'TOUCH_IN', 245, 55),
	(296, 0.00, '2019-11-20 21:46:34', 'VTdmwHuxGqewuHHn4D42KHN4dFFUV5wMIiUgcXYeNh4m6LGTWnJlPMKKPQ1W', 'TOUCH_IN', 246, 53),
	(297, 0.00, '2019-11-20 21:46:34', 'Tpn1QvimyPqXK7mQLr6jgC7EGdQ7cy8OI27rPDv7HBTsL8uOCH3i8d4PUXq5', 'TOUCH_IN', 247, 8),
	(298, 0.00, '2019-11-20 21:46:34', 'ityvFuI6Nb1qEXPiPvmFlbgvgYo1thYXCitIns7fJVBHE1G53CkrEO33n5Fp', 'TOUCH_IN', 248, 19),
	(299, 0.00, '2019-11-20 21:46:34', 'nnSTrbjYoyvOrnsL6Iu2PDJkiHSjDTugBMg6LWsBh3StysBQEmBdn30Icoqh', 'TOUCH_IN', 249, 8),
	(300, 0.00, '2019-11-20 21:46:34', '5fhVVsKkvULRfXV4jYR8EueWRVpD7U85QbKdHqkWt0SttQFBCGIMSnlo6c15', 'TOUCH_IN', 250, 19),
	(301, 0.00, '2019-11-20 21:46:34', 'RsULn3pLogivrlb0xlyubMD6u2uGFUUCjKvTEMn0jnG1UnlbL3FwQ0HFRlqC', 'TOUCH_IN', 251, 55),
	(302, 0.00, '2019-11-20 21:46:34', 'pu3RfkmysM8HWU6WNhkKOo5dt18OmWbsGtRnHugRoHxC5k5nNQ2HGsV8Wjlv', 'TOUCH_IN', 252, 43),
	(303, 0.00, '2019-11-20 21:46:34', '4GEOLmr20iGS24sORhwPvPo4gYwuQeWiM3Pdukm062SpkBLkPBYh3MuruuhO', 'TOUCH_IN', 253, 21),
	(304, 0.00, '2019-11-20 21:46:34', '2cvFxtVtgfEOykwMmGgUTVQlf5w0BCnMXNrHMkHuspnqX8TBk8mOqENoX6DV', 'TOUCH_IN', 254, 45),
	(305, 0.00, '2019-11-20 21:46:34', 'CgKrXMQKu7QMMLS3VsKU0QnuFscbHyVs3j844oR08iKi3hOofneIWuY32UDn', 'TOUCH_IN', 255, 43);

CREATE TABLE IF NOT EXISTS `point` (
  `id` bigint(20) NOT NULL,
  `name` varchar(255) DEFAULT NULL,
  PRIMARY KEY (`id`)
) ENGINE=MyISAM DEFAULT CHARSET=latin1;


INSERT IGNORE INTO `point` (`id`, `name`) VALUES
	(4, 'point 16'),
	(6, 'point 15'),
	(8, 'point 14'),
	(12, 'point 13'),
	(15, 'point 9'),
	(17, 'point 12'),
	(19, 'point 8'),
	(21, 'point 11'),
	(23, 'point 7'),
	(24, 'point 10'),
	(26, 'point 6'),
	(28, 'point 5'),
	(30, 'point 4'),
	(34, 'point 3'),
	(36, 'point 2'),
	(43, 'point 1'),
	(45, 'point 0'),
	(47, 'point 19'),
	(53, 'point 18'),
	(55, 'point 17');

CREATE TABLE IF NOT EXISTS `vehicle` (
  `id` bigint(20) NOT NULL,
  `name` varchar(255) DEFAULT NULL,
  `slug` varchar(255) DEFAULT NULL,
  `type` varchar(255) DEFAULT NULL,
  PRIMARY KEY (`id`),
  UNIQUE KEY `UK_1tp90tf1fi3ohujuote047dr4` (`slug`)
) ENGINE=MyISAM DEFAULT CHARSET=latin1;


INSERT IGNORE INTO `vehicle` (`id`, `name`, `slug`, `type`) VALUES
	(2, 'Underground', 'underground', 'UNDERGROUND'),
	(27, 'Train', 'train', 'TRAIN'),
	(31, 'Cablecar', 'cablecar', 'CABLECAR'),
	(35, 'Overground', 'overground', 'OVERGROUND'),
	(38, 'Dlr', 'dlr', 'DLR');
